,RFR,DTR,SVR,MLR,Ridge,Lasso,Bayesian ridge,ElasticNet,CDVI - DM
0,0.498214027,0.439752143,0.464426472,0.267334728,0.357398982,0.430078857,0.364180521,0.356781309,0.458566651
1,0.109255933,0.115185993,0.234200433,0.135543143,0.078816536,0.260854538,0.091108833,0.078318994,0.070412592
2,0.895845613,0.913938396,0.864211502,0.615542343,0.650726121,0.603414283,0.649801286,0.648838668,0.944822975
3,0.248305285,0.270419614,0.311224663,0.128377385,0.340330423,0.37947701,0.341835749,0.336908283,0.251221738
4,0.109255933,0.115185993,0.441230594,-0.049330778,-0.119257519,0.132565631,-0.10396034,-0.120598576,0
5,0.177528038,0.191315138,0.207042804,0.083016548,0.254322736,0.336398522,0.258877209,0.251241938,0.16369749
6,0.648303507,0.646322739,0.549665183,0.820158044,0.436612236,0.496462557,0.440005471,0.428349115,0.515822852
